Location,Order Id,Order #,Sent Date,Order Date,Check Id,Server,Table,Dining Area,Service,Dining Option,Item Selection Id,Modifier Id,Master Id,Modifier SKU,Modifier PLU,Modifier,Option Group ID,Option Group Name,Parent Menu Selection Item ID,Parent Menu Selection,Sales Category,Gross Price,Discount,Net Price,Qty,Void?,Void Reason ID,Void Reason
1234 Elmwood Avenue,900000004019159011,1,4/10/24 4:27 PM,4/10/24 4:26 PM,900000004019159010,Bartender A,,,Dinner,,900000004019157144,9.000000000690304e+17,9.000000000690304e+17,,,A.T.T.,9.00000000019797e+17,Sandwich Toppings,900000000019755902,Tenderloin,,0.0,0.0,0.0,1.0,False,,
1234 Elmwood Avenue,900000004019159011,1,4/10/24 4:27 PM,4/10/24 4:26 PM,900000004019159010,Bartender A,,,Dinner,,900000004019157147,9.00000000019805e+17,9.00000000019805e+17,,,MAYO,9.00000000019797e+17,Sandwich Toppings,900000000019755902,Tenderloin,,0.0,0.0,0.0,1.0,False,,
1234 Elmwood Avenue,900000004019159011,1,4/10/24 4:27 PM,4/10/24 4:26 PM,900000004019159010,Bartender A,,,Dinner,,900000004019157148,9.00000000019805e+17,9.00000000019805e+17,,,P,9.00000000019797e+17,Sandwich Toppings,900000000019755902,Tenderloin,,0.0,0.0,0.0,1.0,False,,
1234 Elmwood Avenue,900000004019159011,1,4/10/24 4:27 PM,4/10/24 4:26 PM,900000004019159010,Bartender A,,,Dinner,,900000004019159001,9.000000000198427e+17,9.000000000198427e+17,,,RANCH,9.000000000198414e+17,Dipping Sauce,900000000055263913,Cheese Curds,,0.0,0.0,0.0,1.0,False,,
1234 Elmwood Avenue,900000004021631623,7,4/10/24 5:55 PM,4/10/24 5:50 PM,900000004021631622,Bartender A,,,Dinner,,900000004021781198,9.00000000019805e+17,9.00000000019805e+17,,,MAYO,9.00000000019797e+17,Sandwich Toppings,900000000019755904,Bacon Cheese Burger,,0.0,0.0,0.0,1.0,False,,
1234 Elmwood Avenue,900000004021631623,7,4/10/24 5:55 PM,4/10/24 5:50 PM,900000004021631622,Bartender A,,,Dinner,,900000004021781199,9.000000000338474e+17,9.000000000338474e+17,,,Swiss,9.000000000338367e+17,Cheese Choice,900000000019755904,Bacon Cheese Burger,,0.0,0.0,0.0,1.0,False,,
1234 Elmwood Avenue,900000004021631623,7,4/10/24 5:55 PM,4/10/24 5:50 PM,900000004021631622,Bartender A,,,Dinner,,900000004021783854,9.000000000677722e+17,9.000000000677722e+17,,,Ranch,9.000000000677683e+17,Sauce,900000000213998188,Onion Rings,,0.75,0.0,0.75,1.0,False,,
1234 Elmwood Avenue,900000004021631623,7,4/10/24 5:55 PM,4/10/24 5:50 PM,900000004021631622,Bartender A,,,Dinner,,900000004021783857,9.000000011337288e+17,9.000000011337288e+17,,,Mild Taco Sauce,9.000000011336943e+17,Taco Sauce,900000001133620863,Fried Beef Tacos,,0.0,0.0,0.0,1.0,False,,
1234 Elmwood Avenue,900000004021631623,7,4/10/24 5:55 PM,4/10/24 5:50 PM,900000004021631622,Bartender A,,,Dinner,,900000004021783858,9.000000011336605e+17,9.000000011336605e+17,,,2 Tacos,9.000000011336605e+17,Size,900000001133620863,Fried Beef Tacos,,5.5,0.0,5.5,1.0,False,,
1234 Elmwood Avenue,900000004021631623,7,4/10/24 5:55 PM,4/10/24 5:50 PM,900000004021631622,Bartender A,,,Dinner,,900000004021783859,9.000000000227158e+17,9.000000000227158e+17,,,Sour Cream,9.000000011338575e+17,Taco Extras,900000001133620863,Fried Beef Tacos,,0.5,0.0,0.5,1.0,False,,
1234 Elmwood Avenue,900000004021631623,7,4/10/24 5:55 PM,4/10/24 5:50 PM,900000004021631622,Bartender A,,,Dinner,,900000004021783862,9.000000011337288e+17,9.000000011337288e+17,,,Mild Taco Sauce,9.000000011336943e+17,Taco Sauce,900000001133620863,Fried Beef Tacos,,0.0,0.0,0.0,1.0,False,,
1234 Elmwood Avenue,900000004021631623,7,4/10/24 5:55 PM,4/10/24 5:50 PM,900000004021631622,Bartender A,,,Dinner,,900000004021783863,9.000000011336605e+17,9.000000011336605e+17,,,3 Tacos,9.000000011336605e+17,Size,900000001133620863,Fried Beef Tacos,,7.0,0.0,7.0,1.0,False,,
1234 Elmwood Avenue,900000004021631623,7,4/10/24 5:55 PM,4/10/24 5:50 PM,900000004021631622,Bartender A,,,Dinner,,900000004021783864,9.000000000227158e+17,9.000000000227158e+17,,,Sour Cream,9.000000011338575e+17,Taco Extras,900000001133620863,Fried Beef Tacos,,0.5,0.0,0.5,1.0,False,,
1234 Elmwood Avenue,900000004021964267,8,4/10/24 6:04 PM,4/10/24 6:00 PM,900000004021964266,Bartender A,,,Dinner,,900000004022107741,9.000000011337288e+17,9.000000011337288e+17,,,Mild Taco Sauce,9.000000011336943e+17,Taco Sauce,900000001133620863,Fried Beef Tacos,,0.0,0.0,0.0,1.0,False,,
1234 Elmwood Avenue,900000004021964267,8,4/10/24 6:04 PM,4/10/24 6:00 PM,900000004021964266,Bartender A,,,Dinner,,900000004022107742,9.000000011336605e+17,9.000000011336605e+17,,,2 Tacos,9.000000011336605e+17,Size,900000001133620863,Fried Beef Tacos,,5.5,0.0,5.5,1.0,False,,
1234 Elmwood Avenue,900000004021964267,8,4/10/24 6:04 PM,4/10/24 6:00 PM,900000004021964266,Bartender A,,,Dinner,,900000004022107745,9.000000000226191e+17,9.000000000226191e+17,,,Buffalo,9.00000000022619e+17,Wing Sauce,900000000019694091,Wings,,0.0,0.0,0.0,1.0,False,,
1234 Elmwood Avenue,900000004021964267,8,4/10/24 6:04 PM,4/10/24 6:00 PM,900000004021964266,Bartender A,,,Dinner,,900000004022107746,,,,,Buff On Side,,,900000000019694091,Wings,,0.0,0.0,0.0,1.0,False,,
1234 Elmwood Avenue,900000004021964267,8,4/10/24 6:04 PM,4/10/24 6:00 PM,900000004021964266,Bartender A,,,Dinner,,900000004022107747,9.000000000198427e+17,9.000000000198427e+17,,,Blue Cheese,9.000000000198414e+17,Dipping Sauce,900000000019694091,Wings,,0.0,0.0,0.0,1.0,False,,
1234 Elmwood Avenue,900000004021964267,8,4/10/24 6:04 PM,4/10/24 6:00 PM,900000004021964266,Bartender A,,,Dinner,,900000004022107748,9.000000000198427e+17,9.000000000198427e+17,,,RANCH,9.000000000198414e+17,Dipping Sauce,900000000019694091,Wings,,0.75,0.0,0.75,1.0,False,,
1234 Elmwood Avenue,900000004022520275,11,4/10/24 6:16 PM,4/10/24 6:14 PM,900000004022520271,Bartender A,,,Dinner,,900000004022520252,9.00000000019805e+17,9.00000000019805e+17,,,L,9.00000000019797e+17,Sandwich Toppings,900000000019755902,Tenderloin,,0.0,0.0,0.0,1.0,False,,
1234 Elmwood Avenue,900000004022520275,11,4/10/24 6:16 PM,4/10/24 6:14 PM,900000004022520271,Bartender A,,,Dinner,,900000004022520253,9.00000000019805e+17,9.00000000019805e+17,,,T,9.00000000019797e+17,Sandwich Toppings,900000000019755902,Tenderloin,,0.0,0.0,0.0,1.0,False,,
1234 Elmwood Avenue,900000004022520275,11,4/10/24 6:16 PM,4/10/24 6:14 PM,900000004022520271,Bartender A,,,Dinner,,900000004022520254,9.000000000681802e+17,9.000000000681802e+17,,,K,9.00000000019797e+17,Sandwich Toppings,900000000019755902,Tenderloin,,0.0,0.0,0.0,1.0,False,,
1234 Elmwood Avenue,900000004022520275,11,4/10/24 6:16 PM,4/10/24 6:14 PM,900000004022520271,Bartender A,,,Dinner,,900000004022520255,9.00000000019805e+17,9.00000000019805e+17,,,O,9.00000000019797e+17,Sandwich Toppings,900000000019755902,Tenderloin,,0.0,0.0,0.0,1.0,False,,
1234 Elmwood Avenue,900000004022520275,11,4/10/24 6:16 PM,4/10/24 6:14 PM,900000004022520271,Bartender A,,,Dinner,,900000004022520256,9.00000000019805e+17,9.00000000019805e+17,,,P,9.00000000019797e+17,Sandwich Toppings,900000000019755902,Tenderloin,,0.0,0.0,0.0,1.0,False,,
1234 Elmwood Avenue,900000004022520275,11,4/10/24 6:16 PM,4/10/24 6:14 PM,900000004022520271,Bartender A,,,Dinner,,900000004022520259,9.000000000677722e+17,9.000000000677722e+17,,,Ranch,9.000000000677683e+17,Sauce,900000000019711890,Curly Fries,,0.75,0.0,0.75,1.0,False,,
1234 Elmwood Avenue,900000004022520275,11,4/10/24 6:16 PM,4/10/24 6:14 PM,900000004022520271,Bartender A,,,Dinner,,900000004022520260,,,,,Crispy,,,900000000019711890,Curly Fries,,0.0,0.0,0.0,1.0,False,,
1234 Elmwood Avenue,900000004022520275,11,4/10/24 6:16 PM,4/10/24 6:14 PM,900000004022520271,Bartender A,,,Dinner,,900000004022520263,9.00000000019805e+17,9.00000000019805e+17,,,MAYO,9.00000000019797e+17,Sandwich Toppings,900000000019755906,Cheeseburger,,0.0,0.0,0.0,1.0,False,,
1234 Elmwood Avenue,900000004022520275,11,4/10/24 6:16 PM,4/10/24 6:14 PM,900000004022520271,Bartender A,,,Dinner,,900000004022520264,9.000000000338474e+17,9.000000000338474e+17,,,Pepper Jack,9.000000000338367e+17,Cheese Choice,900000000019755906,Cheeseburger,,0.0,0.0,0.0,1.0,False,,
1234 Elmwood Avenue,900000004022520275,11,4/10/24 6:16 PM,4/10/24 6:14 PM,900000004022520271,Bartender A,,,Dinner,,900000004022520267,9.000000000677722e+17,9.000000000677722e+17,,,Ranch,9.000000000677683e+17,Sauce,900000000213998188,Onion Rings,,0.75,0.0,0.75,1.0,False,,
1234 Elmwood Avenue,900000004023552887,12,4/10/24 6:47 PM,4/10/24 6:16 PM,900000004023552886,Bartender A,,,Dinner,,900000004023552864,9.000000000354468e+17,9.000000000354468e+17,,,Grilled,9.000000000354465e+17,Prep Method,900000000035443027,Chicken,,0.0,0.0,0.0,1.0,False,,
1234 Elmwood Avenue,900000004023552887,12,4/10/24 6:47 PM,4/10/24 6:16 PM,900000004023552886,Bartender A,,,Dinner,,900000004023552865,9.000000000354431e+17,9.000000000354431e+17,,,Chicken,9.00000000035439e+17,Protein - Salad,900000000036066619,House Salad,,0.0,0.0,0.0,1.0,False,,
1234 Elmwood Avenue,900000004023552887,12,4/10/24 6:47 PM,4/10/24 6:16 PM,900000004023552886,Bartender A,,,Dinner,,900000004023552866,9.000000000198427e+17,9.000000000198427e+17,,,Blue Cheese,9.000000000360704e+17,House Salad Dressing Choice,900000000036066619,House Salad,,0.0,0.0,0.0,1.0,False,,
1234 Elmwood Avenue,900000004023552887,12,4/10/24 6:47 PM,4/10/24 6:16 PM,900000004023552886,Bartender A,,,Dinner,,900000004023552867,,,,,No Onion,,,900000000036066619,House Salad,,0.0,0.0,0.0,1.0,False,,
1234 Elmwood Avenue,900000004023552887,12,4/10/24 6:47 PM,4/10/24 6:16 PM,900000004023552886,Bartender A,,,Dinner,,900000004023552873,9.000000000198427e+17,9.000000000198427e+17,,,RANCH,9.000000000198414e+17,Dipping Sauce,900000000433809120,Fried Mushrooms,,0.0,0.0,0.0,1.0,False,,
1234 Elmwood Avenue,900000004023552887,12,4/10/24 6:47 PM,4/10/24 6:16 PM,900000004023552886,Bartender A,,,Dinner,,900000004023552876,9.000000000338474e+17,9.000000000338474e+17,,,Pepper Jack,9.000000000338367e+17,Cheese Choice,900000000019755904,Bacon Cheese Burger,,0.0,0.0,0.0,1.0,False,,
1234 Elmwood Avenue,900000004023552887,12,4/10/24 6:47 PM,4/10/24 6:16 PM,900000004023552886,Bartender A,,,Dinner,,900000004023552877,9.00000000019805e+17,9.00000000019805e+17,,,MAYO,9.00000000019797e+17,Sandwich Toppings,900000000019755904,Bacon Cheese Burger,,0.0,0.0,0.0,1.0,False,,
1234 Elmwood Avenue,900000004023552887,12,4/10/24 6:47 PM,4/10/24 6:16 PM,900000004023552886,Bartender A,,,Dinner,,900000004023552878,9.00000000019805e+17,9.00000000019805e+17,,,P,9.00000000019797e+17,Sandwich Toppings,900000000019755904,Bacon Cheese Burger,,0.0,0.0,0.0,1.0,False,,
1234 Elmwood Avenue,900000004023552887,12,4/10/24 6:47 PM,4/10/24 6:16 PM,900000004023552886,Bartender A,,,Dinner,,900000004023552879,9.00000000019805e+17,9.00000000019805e+17,,,L,9.00000000019797e+17,Sandwich Toppings,900000000019755904,Bacon Cheese Burger,,0.0,0.0,0.0,1.0,False,,
1234 Elmwood Avenue,900000004023552887,12,4/10/24 6:47 PM,4/10/24 6:16 PM,900000004023552886,Bartender A,,,Dinner,,900000004023552880,9.00000000019805e+17,9.00000000019805e+17,,,T,9.00000000019797e+17,Sandwich Toppings,900000000019755904,Bacon Cheese Burger,,0.0,0.0,0.0,1.0,False,,
1234 Elmwood Avenue,900000004023591933,13,4/10/24 6:53 PM,4/10/24 6:48 PM,900000004023591929,Bartender A,,,Dinner,,900000004023739086,9.000000000226191e+17,9.000000000226191e+17,,,Buffalo,9.00000000022619e+17,Wing Sauce,900000000019694093,Boneless Wings,,0.0,0.0,0.0,1.0,False,,
1234 Elmwood Avenue,900000004023591933,13,4/10/24 6:53 PM,4/10/24 6:48 PM,900000004023591929,Bartender A,,,Dinner,,900000004023739090,9.000000000226191e+17,9.000000000226191e+17,,,Buffalo,9.00000000022619e+17,Wing Sauce,900000000019694093,Boneless Wings,,0.0,0.0,0.0,1.0,False,,
1234 Elmwood Avenue,900000004023591933,13,4/10/24 6:53 PM,4/10/24 6:48 PM,900000004023591929,Bartender A,,,Dinner,,900000004023739091,9.000000000198427e+17,9.000000000198427e+17,,,RANCH,9.000000000198414e+17,Dipping Sauce,900000000019694093,Boneless Wings,,0.0,0.0,0.0,1.0,False,,
1234 Elmwood Avenue,900000004023591933,13,4/10/24 6:53 PM,4/10/24 6:48 PM,900000004023591929,Bartender A,,,Dinner,,900000004023739094,9.000000000681802e+17,9.000000000681802e+17,,,M,9.00000000019797e+17,Sandwich Toppings,900000000019755902,Tenderloin,,0.0,0.0,0.0,1.0,False,,
1234 Elmwood Avenue,900000004023591933,13,4/10/24 6:53 PM,4/10/24 6:48 PM,900000004023591929,Bartender A,,,Dinner,,900000004023739095,9.00000000019805e+17,9.00000000019805e+17,,,L,9.00000000019797e+17,Sandwich Toppings,900000000019755902,Tenderloin,,0.0,0.0,0.0,1.0,False,,
1234 Elmwood Avenue,900000004023591933,13,4/10/24 6:53 PM,4/10/24 6:48 PM,900000004023591929,Bartender A,,,Dinner,,900000004023739096,9.000000000197119e+17,9.000000000197119e+17,,,Curly Fries,9.000000000337802e+17,Sides Selection,900000000019755902,Tenderloin,Food,3.0,0.0,3.0,1.0,False,,
1234 Elmwood Avenue,900000004023591933,13,4/10/24 6:53 PM,4/10/24 6:48 PM,900000004023591929,Bartender A,,,Dinner,,900000004023739097,9.00000000019805e+17,9.00000000019805e+17,,,MAYO,9.00000000019797e+17,Sandwich Toppings,900000000019755902,Tenderloin,,0.0,0.0,0.0,1.0,False,,
1234 Elmwood Avenue,900000004024227002,15,4/10/24 7:08 PM,4/10/24 7:07 PM,900000004024227001,Bartender A,,,Dinner,,900000004024226335,9.000000011337288e+17,9.000000011337288e+17,,,Mild Taco Sauce,9.000000011336943e+17,Taco Sauce,900000001133620863,Fried Beef Tacos,,0.0,0.0,0.0,1.0,False,,
1234 Elmwood Avenue,900000004024227002,15,4/10/24 7:08 PM,4/10/24 7:07 PM,900000004024227001,Bartender A,,,Dinner,,900000004024226336,9.000000011336605e+17,9.000000011336605e+17,,,3 Tacos,9.000000011336605e+17,Size,900000001133620863,Fried Beef Tacos,,7.0,0.0,7.0,1.0,False,,
1234 Elmwood Avenue,900000004024227002,15,4/10/24 7:08 PM,4/10/24 7:07 PM,900000004024227001,Bartender A,,,Dinner,,900000004024226337,9.000000000227158e+17,9.000000000227158e+17,,,Sour Cream,9.000000011338575e+17,Taco Extras,900000001133620863,Fried Beef Tacos,,0.5,0.0,0.5,1.0,False,,
1234 Elmwood Avenue,900000004024227002,15,4/10/24 7:08 PM,4/10/24 7:07 PM,900000004024227001,Bartender A,,,Dinner,,900000004024226341,9.000000011337288e+17,9.000000011337288e+17,,,Mild Taco Sauce,9.000000011336943e+17,Taco Sauce,900000001133620863,Fried Beef Tacos,,0.0,0.0,0.0,1.0,False,,
1234 Elmwood Avenue,900000004024227002,15,4/10/24 7:08 PM,4/10/24 7:07 PM,900000004024227001,Bartender A,,,Dinner,,900000004024226342,9.000000011336605e+17,9.000000011336605e+17,,,3 Tacos,9.000000011336605e+17,Size,900000001133620863,Fried Beef Tacos,,7.0,0.0,7.0,1.0,False,,
1234 Elmwood Avenue,900000004024227002,15,4/10/24 7:08 PM,4/10/24 7:07 PM,900000004024227001,Bartender A,,,Dinner,,900000004024226343,9.000000000227158e+17,9.000000000227158e+17,,,Sour Cream,9.000000011338575e+17,Taco Extras,900000001133620863,Fried Beef Tacos,,0.5,0.0,0.5,1.0,False,,
1234 Elmwood Avenue,900000004024227002,15,4/10/24 7:08 PM,4/10/24 7:07 PM,900000004024227001,Bartender A,,,Dinner,,900000004024226346,9.000000011337288e+17,9.000000011337288e+17,,,Mild Taco Sauce,9.000000011336943e+17,Taco Sauce,900000001133620863,Fried Beef Tacos,,0.0,0.0,0.0,1.0,False,,
1234 Elmwood Avenue,900000004024227002,15,4/10/24 7:08 PM,4/10/24 7:07 PM,900000004024227001,Bartender A,,,Dinner,,900000004024226347,9.000000011336605e+17,9.000000011336605e+17,,,3 Tacos,9.000000011336605e+17,Size,900000001133620863,Fried Beef Tacos,,7.0,0.0,7.0,1.0,False,,
1234 Elmwood Avenue,900000004024227002,15,4/10/24 7:08 PM,4/10/24 7:07 PM,900000004024227001,Bartender A,,,Dinner,,900000004024226348,9.000000000227158e+17,9.000000000227158e+17,,,Sour Cream,9.000000011338575e+17,Taco Extras,900000001133620863,Fried Beef Tacos,,0.5,0.0,0.5,1.0,False,,
1234 Elmwood Avenue,900000004024702795,17,4/10/24 7:23 PM,4/10/24 7:22 PM,900000004024702794,Bartender A,,,Dinner,,900000004024702773,9.000000011336605e+17,9.000000011336605e+17,,,3 Tacos,9.000000011336605e+17,Size,900000001133620863,Fried Beef Tacos,,7.0,0.0,7.0,1.0,False,,
1234 Elmwood Avenue,900000004024702795,17,4/10/24 7:23 PM,4/10/24 7:22 PM,900000004024702794,Bartender A,,,Dinner,,900000004024702774,9.000000000227158e+17,9.000000000227158e+17,,,Sour Cream,9.000000011338575e+17,Taco Extras,900000001133620863,Fried Beef Tacos,,0.5,0.0,0.5,1.0,False,,
1234 Elmwood Avenue,900000004024702795,17,4/10/24 7:23 PM,4/10/24 7:22 PM,900000004024702794,Bartender A,,,Dinner,,900000004024702775,9.000000011337288e+17,9.000000011337288e+17,,,Hot Taco Sauce,9.000000011336943e+17,Taco Sauce,900000001133620863,Fried Beef Tacos,,0.0,0.0,0.0,1.0,False,,
1234 Elmwood Avenue,900000004024702795,17,4/10/24 7:23 PM,4/10/24 7:22 PM,900000004024702794,Bartender A,,,Dinner,,900000004024702776,,,,,No Tom,,,900000001133620863,Fried Beef Tacos,,0.0,0.0,0.0,1.0,False,,
1234 Elmwood Avenue,900000004024702795,17,4/10/24 7:23 PM,4/10/24 7:22 PM,900000004024702794,Bartender A,,,Dinner,,900000004024702779,9.000000011336605e+17,9.000000011336605e+17,,,2 Tacos,9.000000011336605e+17,Size,900000001133620863,Fried Beef Tacos,,5.5,0.0,5.5,1.0,False,,
1234 Elmwood Avenue,900000004024702795,17,4/10/24 7:23 PM,4/10/24 7:22 PM,900000004024702794,Bartender A,,,Dinner,,900000004024702780,9.000000011337288e+17,9.000000011337288e+17,,,Hot Taco Sauce,9.000000011336943e+17,Taco Sauce,900000001133620863,Fried Beef Tacos,,0.0,0.0,0.0,1.0,False,,
1234 Elmwood Avenue,900000004024702795,17,4/10/24 7:23 PM,4/10/24 7:22 PM,900000004024702794,Bartender A,,,Dinner,,900000004024702781,9.000000000227158e+17,9.000000000227158e+17,,,Sour Cream,9.000000011338575e+17,Taco Extras,900000001133620863,Fried Beef Tacos,,0.5,0.0,0.5,1.0,False,,
1234 Elmwood Avenue,900000004024702795,17,4/10/24 7:23 PM,4/10/24 7:22 PM,900000004024702794,Bartender A,,,Dinner,,900000004024702784,9.000000000677722e+17,9.000000000677722e+17,,,Ranch,9.000000000677683e+17,Sauce,900000000019711890,Curly Fries,,0.75,0.0,0.75,1.0,False,,
1234 Elmwood Avenue,900000004024702795,17,4/10/24 7:23 PM,4/10/24 7:22 PM,900000004024702794,Bartender A,,,Dinner,,900000004024702785,9.000000000197119e+17,9.000000000197119e+17,,,Kids Fries,9.000000000227347e+17,Kids Sides,900000000022727246,Chicken Strips,Food,0.75,0.0,0.75,1.0,False,,
1234 Elmwood Avenue,900000004024825701,18,4/10/24 7:27 PM,4/10/24 7:26 PM,900000004025594041,Bartender A,,,Dinner,,900000004024824128,9.00000000019805e+17,9.00000000019805e+17,,,O,9.00000000019797e+17,Sandwich Toppings,900000000019755902,Tenderloin,,0.0,0.0,0.0,1.0,False,,
1234 Elmwood Avenue,900000004024825701,18,4/10/24 7:27 PM,4/10/24 7:26 PM,900000004025594041,Bartender A,,,Dinner,,900000004024824129,9.00000000019805e+17,9.00000000019805e+17,,,P,9.00000000019797e+17,Sandwich Toppings,900000000019755902,Tenderloin,,0.0,0.0,0.0,1.0,False,,
1234 Elmwood Avenue,900000004024825701,18,4/10/24 7:27 PM,4/10/24 7:26 PM,900000004025594041,Bartender A,,,Dinner,,900000004024824130,9.00000000019805e+17,9.00000000019805e+17,,,T,9.00000000019797e+17,Sandwich Toppings,900000000019755902,Tenderloin,,0.0,0.0,0.0,1.0,False,,
1234 Elmwood Avenue,900000004024825701,18,4/10/24 7:27 PM,4/10/24 7:26 PM,900000004025594042,Bartender A,,,Dinner,,900000004024824133,9.000000011337288e+17,9.000000011337288e+17,,,Mild Taco Sauce,9.000000011336943e+17,Taco Sauce,900000001133620863,Fried Beef Tacos,,0.0,0.0,0.0,1.0,False,,
1234 Elmwood Avenue,900000004024825701,18,4/10/24 7:27 PM,4/10/24 7:26 PM,900000004025594042,Bartender A,,,Dinner,,900000004024824134,9.000000011336605e+17,9.000000011336605e+17,,,2 Tacos,9.000000011336605e+17,Size,900000001133620863,Fried Beef Tacos,,5.5,0.0,5.5,1.0,False,,
1234 Elmwood Avenue,900000004024825701,18,4/10/24 7:27 PM,4/10/24 7:26 PM,900000004025594042,Bartender A,,,Dinner,,900000004024824135,9.000000000227158e+17,9.000000000227158e+17,,,Sour Cream,9.000000011338575e+17,Taco Extras,900000001133620863,Fried Beef Tacos,,0.5,0.0,0.5,1.0,False,,
1234 Elmwood Avenue,900000004024825701,18,4/10/24 7:27 PM,4/10/24 7:26 PM,900000004025594043,Bartender A,,,Dinner,,900000004024824138,9.000000000681802e+17,9.000000000681802e+17,,,K,9.00000000019797e+17,Sandwich Toppings,900000000019755906,Cheeseburger,,0.0,0.0,0.0,1.0,False,,
1234 Elmwood Avenue,900000004024825701,18,4/10/24 7:27 PM,4/10/24 7:26 PM,900000004025594043,Bartender A,,,Dinner,,900000004024824139,9.000000000681802e+17,9.000000000681802e+17,,,M,9.00000000019797e+17,Sandwich Toppings,900000000019755906,Cheeseburger,,0.0,0.0,0.0,1.0,False,,
1234 Elmwood Avenue,900000004024825701,18,4/10/24 7:27 PM,4/10/24 7:26 PM,900000004025594043,Bartender A,,,Dinner,,900000004024824140,9.00000000019805e+17,9.00000000019805e+17,,,L,9.00000000019797e+17,Sandwich Toppings,900000000019755906,Cheeseburger,,0.0,0.0,0.0,1.0,False,,
1234 Elmwood Avenue,900000004024825701,18,4/10/24 7:27 PM,4/10/24 7:26 PM,900000004025594043,Bartender A,,,Dinner,,900000004024824141,9.00000000019805e+17,9.00000000019805e+17,,,O,9.00000000019797e+17,Sandwich Toppings,900000000019755906,Cheeseburger,,0.0,0.0,0.0,1.0,False,,
1234 Elmwood Avenue,900000004024825701,18,4/10/24 7:27 PM,4/10/24 7:26 PM,900000004025594043,Bartender A,,,Dinner,,900000004024824142,9.00000000019805e+17,9.00000000019805e+17,,,T,9.00000000019797e+17,Sandwich Toppings,900000000019755906,Cheeseburger,,0.0,0.0,0.0,1.0,False,,
1234 Elmwood Avenue,900000004024825701,18,4/10/24 7:27 PM,4/10/24 7:26 PM,900000004025594043,Bartender A,,,Dinner,,900000004024824143,9.00000000019805e+17,9.00000000019805e+17,,,P,9.00000000019797e+17,Sandwich Toppings,900000000019755906,Cheeseburger,,0.0,0.0,0.0,1.0,False,,
1234 Elmwood Avenue,900000004024825701,18,4/10/24 7:27 PM,4/10/24 7:26 PM,900000004025594043,Bartender A,,,Dinner,,900000004024824144,9.000000000338444e+17,9.000000000338444e+17,,,American,9.000000000338367e+17,Cheese Choice,900000000019755906,Cheeseburger,,0.0,0.0,0.0,1.0,False,,
1234 Elmwood Avenue,900000004025705455,25,4/10/24 7:59 PM,4/10/24 7:58 PM,900000004025704245,Bartender A,,,Dinner,,900000004025704230,9.000000011337288e+17,9.000000011337288e+17,,,Mild Taco Sauce,9.000000011336943e+17,Taco Sauce,900000001133620863,Fried Beef Tacos,,0.0,0.0,0.0,1.0,False,,
1234 Elmwood Avenue,900000004025705455,25,4/10/24 7:59 PM,4/10/24 7:58 PM,900000004025704245,Bartender A,,,Dinner,,900000004025704231,9.000000011336605e+17,9.000000011336605e+17,,,3 Tacos,9.000000011336605e+17,Size,900000001133620863,Fried Beef Tacos,,7.0,0.0,7.0,1.0,False,,
1234 Elmwood Avenue,900000004025705455,25,4/10/24 7:59 PM,4/10/24 7:58 PM,900000004025704245,Bartender A,,,Dinner,,900000004025704232,9.000000000227158e+17,9.000000000227158e+17,,,Sour Cream,9.000000011338575e+17,Taco Extras,900000001133620863,Fried Beef Tacos,,0.5,0.0,0.5,1.0,False,,
1234 Elmwood Avenue,900000004025705455,25,4/10/24 7:59 PM,4/10/24 7:58 PM,900000004025704245,Bartender A,,,Dinner,,900000004025704235,9.000000011337288e+17,9.000000011337288e+17,,,Mild Taco Sauce,9.000000011336943e+17,Taco Sauce,900000001133620863,Fried Beef Tacos,,0.0,0.0,0.0,1.0,False,,
1234 Elmwood Avenue,900000004025705455,25,4/10/24 7:59 PM,4/10/24 7:58 PM,900000004025704245,Bartender A,,,Dinner,,900000004025704236,9.000000011336605e+17,9.000000011336605e+17,,,1 Taco,9.000000011336605e+17,Size,900000001133620863,Fried Beef Tacos,,3.0,0.0,3.0,1.0,False,,
1234 Elmwood Avenue,900000004025705455,25,4/10/24 7:59 PM,4/10/24 7:58 PM,900000004025704245,Bartender A,,,Dinner,,900000004025704238,9.000000000227158e+17,9.000000000227158e+17,,,Sour Cream,9.000000011338575e+17,Taco Extras,900000001133620863,Fried Beef Tacos,,0.5,0.0,0.5,1.0,False,,
1234 Elmwood Avenue,900000004025794496,28,4/10/24 8:02 PM,4/10/24 8:02 PM,900000004025794495,Bartender A,,,Dinner,,900000004025794486,9.000000011337288e+17,9.000000011337288e+17,,,Mild Taco Sauce,9.000000011336943e+17,Taco Sauce,900000001133620863,Fried Beef Tacos,,0.0,0.0,0.0,1.0,False,,
1234 Elmwood Avenue,900000004025794496,28,4/10/24 8:02 PM,4/10/24 8:02 PM,900000004025794495,Bartender A,,,Dinner,,900000004025794487,9.000000011336605e+17,9.000000011336605e+17,,,1 Taco,9.000000011336605e+17,Size,900000001133620863,Fried Beef Tacos,,3.0,0.0,3.0,1.0,False,,
1234 Elmwood Avenue,900000004025794496,28,4/10/24 8:02 PM,4/10/24 8:02 PM,900000004025794495,Bartender A,,,Dinner,,900000004025794490,9.000000011337288e+17,9.000000011337288e+17,,,Mild Taco Sauce,9.000000011336943e+17,Taco Sauce,900000001133620863,Fried Beef Tacos,,0.0,0.0,0.0,1.0,False,,
1234 Elmwood Avenue,900000004025794496,28,4/10/24 8:02 PM,4/10/24 8:02 PM,900000004025794495,Bartender A,,,Dinner,,900000004025794491,9.000000011336605e+17,9.000000011336605e+17,,,1 Taco,9.000000011336605e+17,Size,900000001133620863,Fried Beef Tacos,,3.0,0.0,3.0,1.0,False,,
1234 Elmwood Avenue,900000004025794496,28,4/10/24 8:02 PM,4/10/24 8:02 PM,900000004025794495,Bartender A,,,Dinner,,900000004025794492,9.000000000227158e+17,9.000000000227158e+17,,,Sour Cream,9.000000011338575e+17,Taco Extras,900000001133620863,Fried Beef Tacos,,0.5,0.0,0.5,1.0,False,,
1234 Elmwood Avenue,900000004026136102,31,4/10/24 8:16 PM,4/10/24 8:16 PM,900000004026136101,Bartender A,,,Dinner,,900000004026134296,9.000000011337288e+17,9.000000011337288e+17,,,Mild Taco Sauce,9.000000011336943e+17,Taco Sauce,900000001133620863,Fried Beef Tacos,,0.0,0.0,0.0,1.0,False,,
1234 Elmwood Avenue,900000004026136102,31,4/10/24 8:16 PM,4/10/24 8:16 PM,900000004026136101,Bartender A,,,Dinner,,900000004026134297,9.000000011336605e+17,9.000000011336605e+17,,,2 Tacos,9.000000011336605e+17,Size,900000001133620863,Fried Beef Tacos,,5.5,0.0,5.5,1.0,False,,
1234 Elmwood Avenue,900000004026136102,31,4/10/24 8:16 PM,4/10/24 8:16 PM,900000004026136101,Bartender A,,,Dinner,,900000004026134298,,,,,No Tomatoes,,,900000001133620863,Fried Beef Tacos,,0.0,0.0,0.0,1.0,False,,
1234 Elmwood Avenue,900000004026143277,32,4/10/24 8:16 PM,4/10/24 8:16 PM,900000004026143275,Bartender A,,,Dinner,,900000004026143267,9.000000026161938e+17,9.000000026161938e+17,,,Starry,9.000000001108036e+17,Liquor Modifiers,900000001526158379,Dr. McGillicuddy's Cherry SGL,,0.0,0.0,0.0,1.0,False,,
1234 Elmwood Avenue,900000004027461147,37,4/10/24 9:23 PM,4/10/24 9:22 PM,900000004027461146,Bartender A,,,Late Night,,900000004027461139,9.000000026161938e+17,9.000000026161938e+17,,,Starry,9.000000001108036e+17,Liquor Modifiers,900000000222515233,Canadian Club SGL,,0.0,0.0,0.0,1.0,False,,
1234 Elmwood Avenue,900000004027801587,38,4/10/24 9:47 PM,4/10/24 9:42 PM,900000004027801586,Bartender A,,,Late Night,,900000004027808127,9.000000026161938e+17,9.000000026161938e+17,,,Starry,9.000000001108036e+17,Liquor Modifiers,900000000222515233,Canadian Club SGL,,0.0,0.0,0.0,1.0,False,,
